TraceId	TraceStart	TraceEnd	TraceDuration	ClientId	UserId	DialogEventType	InputString	ResponseText	ErrorMessage	ErrorLogCount	TriggeredDomain	TriggeredIntent	LUConfidence	InputType	ClientType	ClientVersion	FormFactor	Latencies	LogCount	QueryFlags	Sizes
01ead02534a5497e996cc90e733cd010	2018-11-07T23:53:50Z	2018-11-07T23:53:50Z	0.1469809	44ea00010002d27b030064b404005ef2	msa:383712dc9a59c397	DirectAction		Hello, I am Durandal. What can I help you with?		0	reflection	greet	1	Programmatic	WP_8.1	18.0-2864	Portable	{"DialogCore":136.0,"DialogTriggers":20.0,"E2EDialog":147.0,"UserProfileRetrieve":1.0,"AverageCacheRead":40.5,"HtmlCacheRead":0.0,"StreamingAudioCacheRead":0.0,"SumPlugins":13.0}	10	None	{"DialogInputPayload":442,"DialogOutputPayload":3921}
01fcc224cb5e408eb02f42c7a58645b3	2018-11-08T00:55:17Z	2018-11-08T00:55:17Z	0.230541	44ea00010002d27b030064b404005ef2	msa:383712dc9a59c397	DirectAction		Hello, I am Durandal. What can I help you with?		0	reflection	greet	1	Programmatic	WP_8.1	18.0-2864	Portable	{"DialogCore":26.0,"DialogTriggers":0.0,"E2EDialog":230.0,"UserProfileRetrieve":0.0,"AverageCacheRead":90.5,"HtmlCacheRead":0.0,"StreamingAudioCacheRead":0.0,"SumPlugins":15.0}	10	None	{"DialogInputPayload":444,"DialogOutputPayload":3939}
03ee50bc52304348a9b38e0ccb31bdce	2018-11-08T00:53:51Z	2018-11-08T00:54:02Z	11.39116	44ea00010002d27b030064b404005ef2	msa:383712dc9a59c397	Query			SR service connection was rejected. HTTP status message: HTTP/1.1 401 Unauthorized	5			0	Spoken	WP_8.1	18.0-2864	Portable	{"DialogCore":1.0,"DialogTriggers":0.0,"E2EDialog":2279.0,"E2EClient":2521.0,"ClientGenerateRequestToken":26.0,"SessionFetch":1.0,"ClientStartAudioReadThread":2.0,"ClientStartSpeechReco":0.0,"AverageCacheRead":43.0,"HtmlCacheRead":0.0,"StreamingAudioCacheRead":0.0,"SumPlugins":0.0}	22	None	{"DialogInputPayload":865,"ClientRequest":896,"ClientResponse":87,"DialogOutputPayload":87}
049d2993357e4a1aba33ceb20b1ff511	2018-11-08T00:55:50Z	2018-11-08T00:56:10Z	20.23258	44ea00010002d27b030064b404005ef2	msa:383712dc9a59c397	DialogAction		I have 17 plugins installed	Websocket read error	8	reflection	list_plugins	1	Programmatic	WP_8.1	18.0-2864	Portable	{"DialogAsyncAudio":0.0,"DialogCore":330.0,"DialogTriggers":1.0,"DialogTTS":1490.0,"E2EDialog":2295.0,"E2EClient":2461.0,"ClientGenerateRequestToken":21.0,"LUCall":7.0,"SessionFetch":2.0,"ClientStartAudioReadThread":2.0,"ClientStartSpeechReco":0.0,"UserProfileRetrieve":1.0,"AverageCacheRead":891.258057,"HtmlCacheRead":0.0,"StreamingAudioCacheRead":0.0,"SumPlugins":16.0}	156	None	{"ClientRequest":543,"ClientResponse":8674,"DialogInputPayload":434,"DialogOutputPayload":8674,"ReadWebCache-d1d7ae3b6bba44aaae76f4ad5e3b9411":40076,"ReadWebCache-baa2880cbeb84da881eadb5c9b5eb393":32701,"ReadWebCache-6ec5cff8f60344ea8d7384aca61daa6f":56870,"ReadWebCache-c0a7faffc5cf4db284bb86528189f5a2":51845,"ReadWebCache-0ade57fe1f2146fc9da902eb5dd541d6":25509,"ReadWebCache-a25ee738bc3244f2a77fb17520ac7274":206349,"ReadWebCache-fdbcdb19b262488c8be50e33c924e1b7":11957,"ReadWebCache-9159ff0b53304eda8ead7800684ae955":25560,"ReadWebCache-bd833ebfbd894ae58d29cd5e3b9f08c5":35308,"ReadWebCache-33e42fcd1d014a2d84e3798ce6686775":4581,"ReadWebCache-af4edab7c5854457a0a187f939a5be64":12629,"SessionFetch":1349,"LURequest":289,"LUResponse":400}
072ad669a1c141bcae10e83e3035a7cd	2018-11-08T00:58:13Z	2018-11-08T00:58:13Z	0.1436178			Unknown				0			0	Unknown			Unknown	{"E2EClient":112.0,"ClientGenerateRequestToken":28.0,"AverageCacheRead":0.0,"HtmlCacheRead":0.0,"StreamingAudioCacheRead":0.0,"SumPlugins":0.0}	2	None	{}
0bd2dbf59674421fb252dc32696f547e	2018-11-08T00:58:24Z	2018-11-08T00:58:25Z	1.233576	44ea00010002d27b030064b404005ef2	msa:383712dc9a59c397	Query	What is your name	You can call me Durandal.		0	side_speech	yourname	0.99917	Typed	WP_8.1	18.0-2864	Portable	{"DialogCore":155.0,"DialogTriggers":0.0,"E2EDialog":384.0,"E2EClient":655.0,"ClientGenerateRequestToken":38.0,"LUCall":5.0,"SessionFetch":1.0,"UserProfileRetrieve":1.0,"AverageCacheRead":221.0,"HtmlCacheRead":0.0,"StreamingAudioCacheRead":0.0,"SumPlugins":1.0}	62	None	{"ClientRequest":563,"ClientResponse":1870,"DialogInputPayload":532,"SessionFetch":303,"LURequest":345,"LUResponse":258,"DialogOutputPayload":1870}
11e132008e2a446c8c22e6cee67803b7	2018-11-07T23:53:04Z	2018-11-07T23:53:04Z	0.0390038	44ea00010002d27b030064b404005ef2	msa:383712dc9a59c397	DirectAction		Hello, I am Durandal. What can I help you with?		0	reflection	greet	1	Programmatic	WP_8.1	18.0-2864	Portable	{"DialogCore":30.0,"DialogTriggers":1.0,"E2EDialog":38.0,"UserProfileRetrieve":1.0,"AverageCacheRead":54.0,"HtmlCacheRead":0.0,"StreamingAudioCacheRead":0.0,"SumPlugins":13.0}	10	None	{"DialogInputPayload":444,"DialogOutputPayload":3942}
134a9ac1cd8a481ca2db2d8d2933276d	2018-11-07T23:36:18Z	2018-11-08T00:57:05Z	4846.816			Unknown			Non-success response while refreshing SR token	32			0	Unknown			Unknown	{}	154	None	{}
14d9a45fa025480cbe681f2765a406c4	2018-11-07T23:52:39Z	2018-11-07T23:52:39Z	0.2154599	5852000100022267030055880400ddd2	msa:383712dc9a59c397	DirectAction		Hello, I am Durandal. What can I help you with?		0	reflection	greet	1	Programmatic	WP_8.1	16.0-2789	Portable	{"DialogCore":196.0,"DialogTriggers":75.0,"E2EDialog":237.0,"UserProfileRetrieve":1.0,"AverageCacheRead":106.0,"HtmlCacheRead":0.0,"StreamingAudioCacheRead":0.0,"SumPlugins":20.0}	10	None	{"DialogInputPayload":1099,"DialogOutputPayload":4955}
154c998b02004e96b5ea7750d6e72e3b	2018-11-08T03:55:56Z	2018-11-08T03:56:00Z	4.353098			Unknown				0			0	Unknown			Unknown	{"E2EClient":191.0,"ClientGenerateRequestToken":0.0,"AverageCacheRead":0.0,"HtmlCacheRead":0.0,"StreamingAudioCacheRead":0.0,"SumPlugins":0.0}	3	None	{}
1898662dd56540f5b258f205d817acc2	2018-11-08T00:58:51Z	2018-11-08T00:58:52Z	1.189863	44ea00010002d27b030064b404005ef2	msa:383712dc9a59c397	Query	Go to hell	I am not programmed to do that.		0	common	side_speech	0.9742593	Typed	WP_8.1	18.0-2864	Portable	{"DialogCore":293.0,"DialogTriggers":0.0,"E2EDialog":336.0,"E2EClient":408.0,"ClientGenerateRequestToken":48.0,"LUCall":4.0,"SessionFetch":1.0,"UserProfileRetrieve":0.0,"AverageCacheRead":35.0,"HtmlCacheRead":0.0,"StreamingAudioCacheRead":0.0,"SumPlugins":168.0}	68	None	{"ClientRequest":556,"ClientResponse":1859,"DialogInputPayload":525,"LURequest":338,"LUResponse":225,"DialogOutputPayload":1859}
1e5d975820434c909541208d3a768c6b	2018-11-08T04:04:58Z	2018-11-08T04:04:58Z	0.0668878	8a9b0001000270ab030034fd04004204	8a9b0001000270ab030034fd04004204	DirectAction		Hello, I am Durandal. What can I help you with?		0	reflection	greet	1	Programmatic	WP_8.1	18.0-2864	Portable	{"DialogCore":65.0,"DialogTriggers":32.0,"E2EDialog":65.0,"UserProfileRetrieve":1.0,"AverageCacheRead":38.0,"HtmlCacheRead":0.0,"StreamingAudioCacheRead":0.0,"SumPlugins":17.0}	9	None	{"DialogInputPayload":287,"DialogOutputPayload":3847}
1e9fcdce18b948319e4fbf9814ecf9b1	2018-11-08T00:55:16Z	2018-11-08T00:55:16Z	0			Unknown				0			0	Unknown			Unknown	{}	1	None	{}
1ea0f922def14fdb8b6d663cbaf80cd7	2018-11-08T00:20:05Z	2018-11-08T00:20:05Z	0			Unknown				0			0	Unknown			Unknown	{"ClientGenerateRequestToken":186.0,"AverageCacheRead":0.0,"HtmlCacheRead":0.0,"StreamingAudioCacheRead":0.0,"SumPlugins":0.0}	1	None	{}
1f227cd739a04493ab761564e9f2d268	2018-10-11T05:45:02Z	2018-11-08T14:31:04Z	2450762			Unknown			Non-success response while refreshing SR token	747			0	Unknown			Unknown	{}	945	None	{}
2337ed96c2bb4473ad81d794784000a1	2018-11-08T00:59:00Z	2018-11-08T00:59:01Z	0.9272077	44ea00010002d27b030064b404005ef2	msa:383712dc9a59c397	Query	Do you like me	I will get back to you once I have my empathy chip installed.		0	side_speech	side_speech_highconf	0.9422355	Typed	WP_8.1	18.0-2864	Portable	{"DialogCore":69.0,"DialogTriggers":0.0,"E2EDialog":91.0,"E2EClient":152.0,"ClientGenerateRequestToken":41.0,"LUCall":4.0,"SessionFetch":1.0,"UserProfileRetrieve":0.0,"AverageCacheRead":36.0,"HtmlCacheRead":0.0,"StreamingAudioCacheRead":0.0,"SumPlugins":7.0}	66	None	{"ClientRequest":560,"ClientResponse":1949,"DialogInputPayload":529,"LURequest":342,"LUResponse":248,"DialogOutputPayload":1949}
235ad72d967b40edb320eb33e7341c05	2018-11-08T00:54:42Z	2018-11-08T00:54:43Z	0.935768	44ea00010002d27b030064b404005ef2	msa:383712dc9a59c397	Query	This is a test	Oh no. A pop quiz.		0	side_speech	side_speech_highconf	0.9688869	Typed	WP_8.1	18.0-2864	Portable	{"DialogCore":78.0,"DialogTriggers":0.0,"E2EDialog":104.0,"E2EClient":171.0,"ClientGenerateRequestToken":32.0,"LUCall":5.0,"SessionFetch":1.0,"UserProfileRetrieve":0.0,"AverageCacheRead":37.0,"HtmlCacheRead":0.0,"StreamingAudioCacheRead":0.0,"SumPlugins":4.0}	66	None	{"ClientRequest":559,"ClientResponse":1863,"DialogInputPayload":528,"LURequest":342,"LUResponse":248,"DialogOutputPayload":1863}
26d72f57a8974f1d83746a80da037fbf	2018-11-07T23:50:34Z	2018-11-07T23:50:34Z	0.1080995	44ea00010002d27b030064b404005ef2	44ea00010002d27b030064b404005ef2	DirectAction		Hello, I am Durandal. What can I help you with?		0	reflection	greet	1	Programmatic	WP_8.1	18.0-2864	Portable	{"DialogCore":108.0,"DialogTriggers":1.0,"E2EDialog":108.0,"UserProfileRetrieve":1.0,"AverageCacheRead":65.0,"HtmlCacheRead":0.0,"StreamingAudioCacheRead":0.0,"SumPlugins":23.0}	9	None	{"DialogInputPayload":282,"DialogOutputPayload":3848}
2a28ddbe8b4d4d838a5db89d2959ac5e	2018-11-07T23:52:00Z	2018-11-07T23:52:00Z	0.1381169	44ea00010002d27b030064b404005ef2	msa:383712dc9a59c397	DirectAction		Hello, I am Durandal. What can I help you with?		0	reflection	greet	1	Programmatic	WP_8.1	18.0-2864	Portable	{"DialogCore":123.0,"DialogTriggers":86.0,"E2EDialog":137.0,"UserProfileRetrieve":1.0,"AverageCacheRead":80.5,"HtmlCacheRead":0.0,"StreamingAudioCacheRead":0.0,"SumPlugins":22.0}	10	None	{"DialogInputPayload":444,"DialogOutputPayload":3890}
2c5fbb48bff34b1fa39eeb350b45eb2b	2018-11-07T23:55:02Z	2018-11-07T23:55:22Z	19.53093	44ea00010002d27b030064b404005ef2	msa:383712dc9a59c397	Query			Error while connecting to SR service: Connection timed out	5			0	Spoken	WP_8.1	18.0-2864	Portable	{"DialogCore":1.0,"DialogTriggers":0.0,"E2EDialog":2706.0,"E2EClient":2750.0,"ClientGenerateRequestToken":19.0,"SessionFetch":1.0,"ClientStartAudioReadThread":2.0,"ClientStartSpeechReco":0.0,"AverageCacheRead":37.0,"HtmlCacheRead":0.0,"StreamingAudioCacheRead":0.0,"SumPlugins":0.0}	20	None	{"DialogInputPayload":867,"ClientRequest":898,"ClientResponse":87,"DialogOutputPayload":87}
306a82a1f3484fad8c8c38c47f6cd727	2018-11-07T23:53:27Z	2018-11-07T23:53:34Z	6.72297			Unknown			Websocket read error	7			0	Unknown			Unknown	{"ClientStartAudioReadThread":0.0,"ClientStartSpeechReco":0.0,"AverageCacheRead":0.0,"HtmlCacheRead":0.0,"StreamingAudioCacheRead":0.0,"SumPlugins":0.0}	9	None	{}
34bbbde7335544b6b2c536a00f941334	2018-11-08T03:56:10Z	2018-11-08T03:56:12Z	2.069456			Unknown			NullReference exception in SerializeBond method: This usually means that required fields in your schema are null	2			0	Unknown			Unknown	{"ClientGenerateRequestToken":0.0,"ClientStartAudioReadThread":4.0,"ClientStartSpeechReco":0.0,"AverageCacheRead":0.0,"HtmlCacheRead":0.0,"StreamingAudioCacheRead":0.0,"SumPlugins":0.0}	5	None	{}
399db9fad8dc4fe1aab8294818702b91	2018-11-07T23:53:24Z	2018-11-07T23:53:24Z	0.0367621	5852000100022267030055880400ddd2	msa:383712dc9a59c397	DirectAction		Hello, I am Durandal. What can I help you with?		0	reflection	greet	1	Programmatic	WP_8.1	16.0-2789	Portable	{"DialogCore":31.0,"DialogTriggers":1.0,"E2EDialog":36.0,"UserProfileRetrieve":1.0,"AverageCacheRead":46.0,"HtmlCacheRead":0.0,"StreamingAudioCacheRead":0.0,"SumPlugins":14.0}	10	None	{"DialogInputPayload":1099,"DialogOutputPayload":4897}
39ab8884ca604438b13ed8f2fc7e9010	2018-11-08T03:56:08Z	2018-11-08T03:56:08Z	0.2451067			Unknown				0			0	Unknown			Unknown	{"E2EClient":138.0,"ClientGenerateRequestToken":0.0,"AverageCacheRead":0.0,"HtmlCacheRead":0.0,"StreamingAudioCacheRead":0.0,"SumPlugins":0.0}	6	None	{}
3b49b89a817541cd8ab099b7bb021f3b	2018-11-08T00:54:32Z	2018-11-08T00:54:32Z	0.2715478			Unknown				0			0	Unknown			Unknown	{"E2EClient":242.0,"ClientGenerateRequestToken":27.0,"AverageCacheRead":0.0,"HtmlCacheRead":0.0,"StreamingAudioCacheRead":0.0,"SumPlugins":0.0}	2	None	{}
3f1a5b5a2c304ab59784ca3e109fc3a7	2018-11-08T00:57:01Z	2018-11-08T00:57:01Z	0.0652567	44ea00010002d27b030064b404005ef2	msa:383712dc9a59c397	DirectAction		Hello, I am Durandal. What can I help you with?		0	reflection	greet	1	Programmatic	WP_8.1	18.0-2864	Portable	{"DialogCore":58.0,"DialogTriggers":25.0,"E2EDialog":66.0,"UserProfileRetrieve":1.0,"AverageCacheRead":33.0,"HtmlCacheRead":0.0,"StreamingAudioCacheRead":0.0,"SumPlugins":17.0}	10	None	{"DialogInputPayload":444,"DialogOutputPayload":3879}
41a2c1d1fb8643ae8c44a16cd3e1f298	2018-11-07T23:55:26Z	2018-11-08T00:57:16Z	3710.258	44ea00010002d27b030064b404005ef2	msa:383712dc9a59c397	Query			Error while connecting to SR service: Connection timed out	6			0	Spoken	WP_8.1	18.0-2864	Portable	{"DialogCore":2.0,"DialogTriggers":0.0,"E2EDialog":2660.0,"ClientGenerateRequestToken":31.0,"SessionFetch":1.0,"ClientStartAudioReadThread":3.0,"ClientStartSpeechReco":1.0,"AverageCacheRead":306.0,"HtmlCacheRead":0.0,"StreamingAudioCacheRead":0.0,"SumPlugins":0.0}	29	None	{"DialogInputPayload":867,"DialogOutputPayload":87}
441ffcca75be4a3dace21ca9eac302ae	2018-11-08T00:57:29Z	2018-11-08T00:57:33Z	3.699589			Unknown				0			0	Unknown			Unknown	{"E2EClient":151.0,"ClientGenerateRequestToken":23.0,"AverageCacheRead":0.0,"HtmlCacheRead":0.0,"StreamingAudioCacheRead":0.0,"SumPlugins":0.0}	7	None	{}
4428b4a3963a41b19cd86f890cb8ffb2	2018-11-08T00:54:25Z	2018-11-08T00:54:26Z	0.9332371	44ea00010002d27b030064b404005ef2	msa:383712dc9a59c397	Query	This is a test	Apparently, it works.		0	side_speech	side_speech_highconf	0.9688869	Typed	WP_8.1	18.0-2864	Portable	{"DialogCore":68.0,"DialogTriggers":0.0,"E2EDialog":113.0,"E2EClient":173.0,"ClientGenerateRequestToken":27.0,"LUCall":6.0,"SessionFetch":1.0,"UserProfileRetrieve":0.0,"AverageCacheRead":35.0,"HtmlCacheRead":0.0,"StreamingAudioCacheRead":0.0,"SumPlugins":1.0}	66	None	{"ClientRequest":560,"ClientResponse":1869,"DialogInputPayload":529,"LURequest":342,"LUResponse":248,"DialogOutputPayload":1869}
45e0acca39ed4f18bf132fcd17e6ce3a	2018-11-07T23:53:44Z	2018-11-07T23:55:26Z	101.9065			Unknown				0			0	Unknown			Unknown	{"E2EClient":214.0,"ClientGenerateRequestToken":24.0,"AverageCacheRead":0.0,"HtmlCacheRead":0.0,"StreamingAudioCacheRead":0.0,"SumPlugins":0.0}	6	None	{}
45e76935c1a44fd4b7879fe1d8d98d37	2018-11-07T23:53:11Z	2018-11-07T23:53:26Z	14.13043	44ea00010002d27b030064b404005ef2	msa:383712dc9a59c397	Query			Websocket read error	8			0	Spoken	WP_8.1	18.0-2864	Portable	{"DialogCore":1.0,"DialogTriggers":0.0,"E2EDialog":2489.0,"E2EClient":3265.0,"ClientGenerateRequestToken":16.0,"SessionFetch":1.0,"ClientStartAudioReadThread":6.0,"ClientStartSpeechReco":0.0,"AverageCacheRead":33.0,"HtmlCacheRead":0.0,"StreamingAudioCacheRead":0.0,"SumPlugins":0.0}	25	None	{"DialogInputPayload":869,"DialogOutputPayload":87,"ClientRequest":900,"ClientResponse":87}
48659770c3354bbdaf208768701af528	2018-11-07T23:49:09Z	2018-11-07T23:54:05Z	296.5377	5852000100022267030055880400ddd2	msa:383712dc9a59c397	Query			Websocket read error	8			0	Spoken	WP_8.1	16.0-2789	Portable	{"DialogCore":1.0,"DialogTriggers":0.0,"E2EDialog":2310.0,"E2EClient":2363.0,"ClientGenerateRequestToken":88.0,"SessionFetch":1.0,"ClientStartAudioReadThread":4.0,"ClientStartSpeechReco":0.0,"AverageCacheRead":45.0,"HtmlCacheRead":0.0,"StreamingAudioCacheRead":0.0,"SumPlugins":0.0}	25	None	{"ClientRequest":1497,"ClientResponse":495,"DialogInputPayload":1466,"DialogOutputPayload":495}
48d704519d024ee1b05f53da557b43f0	2018-11-08T00:54:15Z	2018-11-08T00:54:15Z	0.0494745	44ea00010002d27b030064b404005ef2	msa:383712dc9a59c397	DirectAction		Hello, I am Durandal. What can I help you with?		0	reflection	greet	1	Programmatic	WP_8.1	18.0-2864	Portable	{"DialogCore":36.0,"DialogTriggers":1.0,"E2EDialog":49.0,"UserProfileRetrieve":0.0,"AverageCacheRead":35.5,"HtmlCacheRead":0.0,"StreamingAudioCacheRead":0.0,"SumPlugins":22.0}	10	None	{"DialogInputPayload":444,"DialogOutputPayload":3999}
4a8bd08b2d244847a5dbbb6928ad9189	2018-11-07T23:49:22Z	2018-11-07T23:49:23Z	0.7070707	44ea00010002d27b030064b404005ef2	44ea00010002d27b030064b404005ef2	Query	What time is it	It is now 3:49 PM.		0	time	query_time	0.99915	Typed	WP_8.1	18.0-2864	Portable	{"DialogCore":142.0,"DialogTriggers":1.0,"E2EDialog":220.0,"E2EClient":293.0,"ClientGenerateRequestToken":0.0,"LUCall":33.0,"SessionFetch":4.0,"UserProfileRetrieve":1.0,"AverageCacheRead":42.0,"HtmlCacheRead":0.0,"StreamingAudioCacheRead":0.0,"SumPlugins":74.0}	61	None	{"ClientRequest":399,"ClientResponse":3893,"DialogInputPayload":368,"SessionFetch":303,"LURequest":355,"LUResponse":326,"DialogOutputPayload":3893}
4fb8d525db3943d2977bb320fbfdff64	2018-11-08T00:54:57Z	2018-11-08T00:54:57Z	0.168592			Unknown				0			0	Unknown			Unknown	{"E2EClient":140.0,"ClientGenerateRequestToken":27.0,"AverageCacheRead":0.0,"HtmlCacheRead":0.0,"StreamingAudioCacheRead":0.0,"SumPlugins":0.0}	2	None	{}
52f95480c5354b65abc69358ac2fa029	2018-11-08T04:03:34Z	2018-11-08T04:03:34Z	0.0941451	8a9b0001000270ab030034fd04004204	msa:383712dc9a59c397	DirectAction		Hello, I am Durandal. What can I help you with?		0	reflection	greet	1	Programmatic	WP_8.1	18.0-2864	Portable	{"DialogCore":25.0,"DialogTriggers":0.0,"E2EDialog":94.0,"UserProfileRetrieve":0.0,"AverageCacheRead":44.5,"HtmlCacheRead":0.0,"StreamingAudioCacheRead":0.0,"SumPlugins":13.0}	10	None	{"DialogInputPayload":577,"DialogOutputPayload":3957}
54964c3292e34046a3bfbb5505940a7d	2018-11-08T00:59:10Z	2018-11-08T00:59:10Z	0.2164206			Unknown				0			0	Unknown			Unknown	{"E2EClient":166.0,"ClientGenerateRequestToken":32.0,"AverageCacheRead":0.0,"HtmlCacheRead":0.0,"StreamingAudioCacheRead":0.0,"SumPlugins":0.0}	2	None	{}
592b099ad4b5471b8a4c8f2b396df702	2018-11-07T23:54:53Z	2018-11-07T23:54:53Z	0.1948577			Unknown				0			0	Unknown			Unknown	{"E2EClient":173.0,"ClientGenerateRequestToken":20.0,"AverageCacheRead":0.0,"HtmlCacheRead":0.0,"StreamingAudioCacheRead":0.0,"SumPlugins":0.0}	2	None	{}
5a4417dde20d49e184bcc6596590365c	2018-11-08T00:56:27Z	2018-11-08T00:56:27Z	0.0672393	44ea00010002d27b030064b404005ef2	msa:383712dc9a59c397	DirectAction		Hello, I am Durandal. What can I help you with?		0	reflection	greet	1	Programmatic	WP_8.1	18.0-2864	Portable	{"DialogCore":57.0,"DialogTriggers":24.0,"E2EDialog":68.0,"UserProfileRetrieve":1.0,"AverageCacheRead":45.0,"HtmlCacheRead":0.0,"StreamingAudioCacheRead":0.0,"SumPlugins":19.0}	10	None	{"DialogInputPayload":444,"DialogOutputPayload":3962}
5c2dd60a59724edebc6d48f233534a53	2018-11-08T04:04:17Z	2018-11-08T04:04:17Z	0.0698516	8a9b0001000270ab030034fd04004204	8a9b0001000270ab030034fd04004204	DirectAction		Hello, I am Durandal. What can I help you with?		0	reflection	greet	1	Programmatic	WP_8.1	18.0-2864	Portable	{"DialogCore":70.0,"DialogTriggers":41.0,"E2EDialog":70.0,"UserProfileRetrieve":1.0,"AverageCacheRead":49.5,"HtmlCacheRead":0.0,"StreamingAudioCacheRead":0.0,"SumPlugins":15.0}	9	None	{"DialogInputPayload":287,"DialogOutputPayload":3827}
5d50e5c61a364584b6500a3c564e0463	2018-11-07T23:55:00Z	2018-11-07T23:55:00Z	0.0510047	44ea00010002d27b030064b404005ef2	msa:383712dc9a59c397	DirectAction		Hello, I am Durandal. What can I help you with?		0	reflection	greet	1	Programmatic	WP_8.1	18.0-2864	Portable	{"DialogCore":32.0,"DialogTriggers":1.0,"E2EDialog":50.0,"UserProfileRetrieve":1.0,"AverageCacheRead":58.5,"HtmlCacheRead":0.0,"StreamingAudioCacheRead":0.0,"SumPlugins":18.0}	10	None	{"DialogInputPayload":444,"DialogOutputPayload":3966}
5d6fa220b32a4eea866ff2bf03ca2640	2018-11-08T04:05:37Z	2018-11-08T04:05:37Z	0.1432097	8a9b0001000270ab030034fd04004204	8a9b0001000270ab030034fd04004204	DirectAction		Hello, I am Durandal. What can I help you with?		0	reflection	greet	1	Programmatic	WP_8.1	18.0-2864	Portable	{"DialogCore":144.0,"DialogTriggers":1.0,"E2EDialog":144.0,"UserProfileRetrieve":1.0,"AverageCacheRead":72.0,"HtmlCacheRead":0.0,"StreamingAudioCacheRead":0.0,"SumPlugins":17.0}	9	None	{"DialogInputPayload":287,"DialogOutputPayload":3873}
6017939ded264f91b58fb2a1a3676a09	2018-11-08T03:56:04Z	2018-11-08T03:56:04Z	0			Unknown				0			0	Unknown			Unknown	{}	1	None	{}
6057dc5fddb0498e88e389bb52dc39a1	2018-11-08T19:21:34Z	2018-11-08T20:08:45Z	2831.045			Unknown			Non-success response while refreshing SR token	6			0	Unknown			Unknown	{}	6	None	{}
612b72f17bb24c8ab55c18c23b8360b0	2018-11-07T23:49:13Z	2018-11-07T23:49:13Z	0.6683915	44ea00010002d27b030064b404005ef2	44ea00010002d27b030064b404005ef2	Query	Hello	Hi! What can I do for you?		0	side_speech	side_speech_highconf	0.9699369	Typed	WP_8.1	18.0-2864	Portable	{"DialogCore":451.0,"DialogTriggers":0.0,"E2EDialog":662.0,"E2EClient":769.0,"ClientGenerateRequestToken":0.0,"LUCall":153.0,"SessionFetch":1.0,"UserProfileRetrieve":0.0,"AverageCacheRead":45.0,"HtmlCacheRead":0.0,"StreamingAudioCacheRead":0.0,"SumPlugins":362.0}	50	None	{"ClientRequest":389,"ClientResponse":1843,"DialogInputPayload":358,"LURequest":345,"LUResponse":194,"DialogOutputPayload":1843}
617cdf4ffabb47689b40be486b9cbd2a	2018-11-08T00:57:25Z	2018-11-08T00:59:10Z	104.6881			Unknown				0			0	Unknown			Unknown	{}	22	None	{}
64031f4e2d25499ba511caf416c8cf1c	2018-11-08T00:55:50Z	2018-11-08T00:55:50Z	0.0498451	44ea00010002d27b030064b404005ef2	msa:383712dc9a59c397	DirectAction		Hello, I am Durandal. What can I help you with?		0	reflection	greet	1	Programmatic	WP_8.1	18.0-2864	Portable	{"DialogCore":33.0,"DialogTriggers":1.0,"E2EDialog":49.0,"UserProfileRetrieve":1.0,"AverageCacheRead":71.5,"HtmlCacheRead":0.0,"StreamingAudioCacheRead":0.0,"SumPlugins":19.0}	10	None	{"DialogInputPayload":444,"DialogOutputPayload":3904}
690dfa7734e34821899dbb03e79e5c52	2018-11-08T00:56:14Z	2018-11-08T00:56:14Z	0.2522801			Unknown				0			0	Unknown			Unknown	{"E2EClient":109.0,"ClientGenerateRequestToken":85.0,"AverageCacheRead":0.0,"HtmlCacheRead":0.0,"StreamingAudioCacheRead":0.0,"SumPlugins":0.0}	2	None	{}
6974cf2314e5459783c8f78ebbdb2899	2018-11-08T00:54:58Z	2018-11-08T00:54:58Z	0.0898088	44ea00010002d27b030064b404005ef2	msa:383712dc9a59c397	DirectAction		Hello, I am Durandal. What can I help you with?		0	reflection	greet	1	Programmatic	WP_8.1	18.0-2864	Portable	{"DialogCore":83.0,"DialogTriggers":1.0,"E2EDialog":90.0,"UserProfileRetrieve":1.0,"AverageCacheRead":56.5,"HtmlCacheRead":0.0,"StreamingAudioCacheRead":0.0,"SumPlugins":22.0}	10	None	{"DialogInputPayload":444,"DialogOutputPayload":3833}
6b046f71bb694b4db508b484f6503014	2018-11-08T03:56:18Z	2018-11-08T03:56:19Z	1.574074			Unknown			NullReference exception in SerializeBond method: This usually means that required fields in your schema are null	2			0	Unknown			Unknown	{"ClientGenerateRequestToken":0.0,"ClientStartAudioReadThread":4.0,"ClientStartSpeechReco":0.0,"AverageCacheRead":0.0,"HtmlCacheRead":0.0,"StreamingAudioCacheRead":0.0,"SumPlugins":0.0}	5	None	{}
6b0b9a5d64c549e09634d2e7a8dac9b1	2018-11-08T00:54:01Z	2018-11-08T00:54:01Z	0.0968284	44ea00010002d27b030064b404005ef2	msa:383712dc9a59c397	DirectAction		Hello, I am Durandal. What can I help you with?		0	reflection	greet	1	Programmatic	WP_8.1	18.0-2864	Portable	{"DialogCore":24.0,"DialogTriggers":0.0,"E2EDialog":97.0,"UserProfileRetrieve":0.0,"AverageCacheRead":50.5,"HtmlCacheRead":0.0,"StreamingAudioCacheRead":0.0,"SumPlugins":14.0}	10	None	{"DialogInputPayload":444,"DialogOutputPayload":3914}
6eb6e21c36144b098e98e759e00f6899	2018-11-08T00:56:48Z	2018-11-08T00:56:48Z	0.1761913			Unknown				0			0	Unknown			Unknown	{"E2EClient":144.0,"ClientGenerateRequestToken":30.0,"AverageCacheRead":0.0,"HtmlCacheRead":0.0,"StreamingAudioCacheRead":0.0,"SumPlugins":0.0}	2	None	{}
73a1bc852e264414b2f5332e5b84a5d3	2018-11-08T03:56:15Z	2018-11-08T03:56:16Z	1.722618			Unknown			NullReference exception in SerializeBond method: This usually means that required fields in your schema are null	2			0	Unknown			Unknown	{"ClientGenerateRequestToken":0.0,"ClientStartAudioReadThread":3.0,"ClientStartSpeechReco":0.0,"AverageCacheRead":0.0,"HtmlCacheRead":0.0,"StreamingAudioCacheRead":0.0,"SumPlugins":0.0}	5	None	{}
7bab97e91dd743a4b85efc71812ea3d1	2018-11-08T00:57:06Z	2018-11-08T00:57:06Z	0.0504693	44ea00010002d27b030064b404005ef2	msa:383712dc9a59c397	DirectAction		Hello, I am Durandal. What can I help you with?		0	reflection	greet	1	Programmatic	WP_8.1	18.0-2864	Portable	{"DialogCore":35.0,"DialogTriggers":1.0,"E2EDialog":50.0,"UserProfileRetrieve":1.0,"AverageCacheRead":72.5,"HtmlCacheRead":0.0,"StreamingAudioCacheRead":0.0,"SumPlugins":19.0}	10	None	{"DialogInputPayload":444,"DialogOutputPayload":3987}
84af8269218e42748e645c3e332e6035	2018-11-08T03:56:49Z	2018-11-08T03:56:49Z	0			Unknown				0			0	Unknown			Unknown	{"E2EClient":149.0,"ClientGenerateRequestToken":0.0,"AverageCacheRead":0.0,"HtmlCacheRead":0.0,"StreamingAudioCacheRead":0.0,"SumPlugins":0.0}	1	None	{}
84b3d9535d3b476c98671e1e3d3e2f01	2018-11-08T00:59:11Z	2018-11-08T00:59:11Z	0.1065662	44ea00010002d27b030064b404005ef2	msa:383712dc9a59c397	DirectAction		Hello, I am Durandal. What can I help you with?		0	reflection	greet	1	Programmatic	WP_8.1	18.0-2864	Portable	{"DialogCore":90.0,"DialogTriggers":1.0,"E2EDialog":106.0,"UserProfileRetrieve":0.0,"AverageCacheRead":53.0,"HtmlCacheRead":0.0,"StreamingAudioCacheRead":0.0,"SumPlugins":17.0}	10	None	{"DialogInputPayload":444,"DialogOutputPayload":3961}
851df0555a2f4b67b11ae05b21b8309e	2018-11-08T03:57:27Z	2018-11-08T03:57:27Z	0			Unknown				0			0	Unknown			Unknown	{"E2EClient":229.0,"ClientGenerateRequestToken":0.0,"AverageCacheRead":0.0,"HtmlCacheRead":0.0,"StreamingAudioCacheRead":0.0,"SumPlugins":0.0}	1	None	{}
889c48fcb1cb4a22b81631a6b4179c54	2018-11-08T00:54:14Z	2018-11-08T00:54:14Z	0.1565504			Unknown				0			0	Unknown			Unknown	{"E2EClient":129.0,"ClientGenerateRequestToken":25.0,"AverageCacheRead":0.0,"HtmlCacheRead":0.0,"StreamingAudioCacheRead":0.0,"SumPlugins":0.0}	2	None	{}
8a7372a9993e420db8f8fa8749c46f8b	2018-11-08T03:55:40Z	2018-11-08T04:04:00Z	500.4969	8a9b0001000270ab030034fd04004204	msa:383712dc9a59c397	Query			Websocket read error	8			0	Spoken	WP_8.1	18.0-2864	Portable	{"DialogCore":2.0,"DialogTriggers":0.0,"E2EDialog":2391.0,"E2EClient":2462.0,"ClientGenerateRequestToken":121.0,"SessionFetch":1.0,"ClientStartAudioReadThread":3.0,"ClientStartSpeechReco":4.0,"AverageCacheRead":40.0,"HtmlCacheRead":0.0,"StreamingAudioCacheRead":0.0,"SumPlugins":0.0}	24	None	{"ClientRequest":1033,"ClientResponse":87,"DialogInputPayload":1002,"DialogOutputPayload":87}
8b27634862d7426286c0f8ae11f8b522	2018-11-08T00:58:14Z	2018-11-08T00:58:14Z	0.0497324	44ea00010002d27b030064b404005ef2	msa:383712dc9a59c397	DirectAction		Hello, I am Durandal. What can I help you with?		0	reflection	greet	1	Programmatic	WP_8.1	18.0-2864	Portable	{"DialogCore":36.0,"DialogTriggers":1.0,"E2EDialog":49.0,"UserProfileRetrieve":1.0,"AverageCacheRead":45.0,"HtmlCacheRead":0.0,"StreamingAudioCacheRead":0.0,"SumPlugins":21.0}	10	None	{"DialogInputPayload":444,"DialogOutputPayload":3804}
8c551ad66349481eaffeab130cba189f	2018-11-08T00:57:00Z	2018-11-08T00:57:00Z	0			Unknown				0			0	Unknown			Unknown	{}	1	None	{}
950a39f0607945a3b26a3061160fa5b5	2018-11-08T00:57:01Z	2018-11-08T00:57:01Z	0.0832528	44ea00010002d27b030064b404005ef2	msa:383712dc9a59c397	DirectAction		Hello, I am Durandal. What can I help you with?		0	reflection	greet	1	Programmatic	WP_8.1	18.0-2864	Portable	{"DialogCore":65.0,"DialogTriggers":37.0,"E2EDialog":82.0,"UserProfileRetrieve":0.0,"AverageCacheRead":57.0,"HtmlCacheRead":0.0,"StreamingAudioCacheRead":0.0,"SumPlugins":14.0}	10	None	{"DialogInputPayload":443,"DialogOutputPayload":3910}
9682611383ae4ee99da8471cbdf65ca7	2018-11-07T23:52:06Z	2018-11-07T23:52:07Z	0.925984	44ea00010002d27b030064b404005ef2	msa:383712dc9a59c397	Query	Hello	Hi Logan! How can I help?		0	side_speech	side_speech_highconf	0.9699369	Typed	WP_8.1	18.0-2864	Portable	{"DialogCore":71.0,"DialogTriggers":0.0,"E2EDialog":113.0,"E2EClient":183.0,"ClientGenerateRequestToken":28.0,"LUCall":4.0,"SessionFetch":1.0,"UserProfileRetrieve":0.0,"AverageCacheRead":34.0,"HtmlCacheRead":0.0,"StreamingAudioCacheRead":0.0,"SumPlugins":0.0}	52	None	{"ClientRequest":551,"ClientResponse":1841,"DialogInputPayload":520,"LURequest":333,"LUResponse":194,"DialogOutputPayload":1841}
97da522b4417415a8053f65f62dab348	2018-11-08T00:57:16Z	2018-11-08T00:57:16Z	0			Unknown				0			0	Unknown			Unknown	{}	1	None	{}
9918ab1c707e4cf69fa22272404a03df	2018-11-08T00:58:18Z	2018-11-08T00:58:19Z	1.061957	44ea00010002d27b030064b404005ef2	msa:383712dc9a59c397	Query	Hello	Hello Logan!		0	side_speech	side_speech_highconf	0.9699369	Typed	WP_8.1	18.0-2864	Portable	{"DialogCore":70.0,"DialogTriggers":0.0,"E2EDialog":118.0,"E2EClient":320.0,"ClientGenerateRequestToken":43.0,"LUCall":4.0,"SessionFetch":1.0,"UserProfileRetrieve":0.0,"AverageCacheRead":40.0,"HtmlCacheRead":0.0,"StreamingAudioCacheRead":0.0,"SumPlugins":0.0}	52	None	{"ClientRequest":551,"ClientResponse":1815,"DialogInputPayload":520,"LURequest":333,"LUResponse":194,"DialogOutputPayload":1815}
99a2bcec83654cd292c0dc120f18be3c	2018-11-07T23:54:06Z	2018-11-07T23:54:13Z	6.830366			Unknown			Websocket write connection timed out	6			0	Unknown			Unknown	{"ClientStartAudioReadThread":3.0,"ClientStartSpeechReco":2.0,"AverageCacheRead":0.0,"HtmlCacheRead":0.0,"StreamingAudioCacheRead":0.0,"SumPlugins":0.0}	9	None	{}
9bb87bf269f94e4c8ce5bac545b80c6d	2018-11-07T23:49:37Z	2018-11-07T23:54:23Z	286.1924	5852000100022267030055880400ddd2	msa:383712dc9a59c397	Query	this is a test	Apparently, it works.		0	side_speech	side_speech_highconf	0.9688869	Spoken	WP_8.1	16.0-2789	Portable	{"DialogAsyncAudio":0.0,"DialogCore":69.0,"DialogTriggers":0.0,"DialogTTS":389.0,"E2EDialog":122.0,"E2EClient":166.0,"ClientGenerateRequestToken":74.0,"LUCall":5.0,"SessionFetch":1.0,"ClientStartAudioReadThread":3.0,"ClientStartSpeechReco":0.0,"StreamingAudioFetch":426.0,"UserProfileRetrieve":1.0,"AverageCacheRead":44.0,"HtmlCacheRead":0.0,"StreamingAudioCacheRead":365.0,"SumPlugins":3.0}	76	None	{"ClientRequest":1067,"ClientResponse":2768,"StreamingAudioResponse":7644,"DialogInputPayload":1036,"SessionFetch":332,"LURequest":373,"LUResponse":232,"DialogOutputPayload":2768}
9e85e9526494493d97b40f78272f0f90	2018-11-07T23:50:35Z	2018-11-07T23:52:36Z	121.2094			Unknown				0			0	Unknown			Unknown	{"E2EClient":183.0,"ClientGenerateRequestToken":25.0,"AverageCacheRead":0.0,"HtmlCacheRead":0.0,"StreamingAudioCacheRead":0.0,"SumPlugins":0.0}	11	None	{}
a0d3c97f2ec24d229f5f7acbfe5cd8fe	2018-11-08T00:55:17Z	2018-11-08T00:55:17Z	0.1525372	44ea00010002d27b030064b404005ef2	msa:383712dc9a59c397	DirectAction		Hello, I am Durandal. What can I help you with?		0	reflection	greet	1	Programmatic	WP_8.1	18.0-2864	Portable	{"DialogCore":142.0,"DialogTriggers":115.0,"E2EDialog":152.0,"UserProfileRetrieve":1.0,"AverageCacheRead":55.5,"HtmlCacheRead":0.0,"StreamingAudioCacheRead":0.0,"SumPlugins":16.0}	10	None	{"DialogInputPayload":444,"DialogOutputPayload":3929}
aa91966c5c5f4b5e9b8a47bc308765e5	2018-11-08T00:59:12Z	2018-11-08T00:59:12Z	0			Unknown				0			0	Unknown			Unknown	{}	1	None	{}
ab02c765a1894543bb528f3dd29ffdab	2018-11-07T23:49:26Z	2018-11-07T23:50:34Z	67.07315			Unknown			Audio processor thread exception	3			0	Unknown			Unknown	{"E2EClient":154.0,"ClientGenerateRequestToken":0.0,"AverageCacheRead":0.0,"HtmlCacheRead":0.0,"StreamingAudioCacheRead":0.0,"SumPlugins":0.0}	8	None	{}
abc9144e051142b2aa4231bdd9314050	2018-11-08T01:00:58Z	2018-11-08T01:00:58Z	0.0466887	5852000100022267030055880400ddd2	msa:383712dc9a59c397	DirectAction		Hello, I am Durandal. What can I help you with?		0	reflection	greet	1	Programmatic	WP_8.1	16.0-2789	Portable	{"DialogCore":33.0,"DialogTriggers":1.0,"E2EDialog":46.0,"UserProfileRetrieve":1.0,"AverageCacheRead":60.0,"HtmlCacheRead":0.0,"StreamingAudioCacheRead":0.0,"SumPlugins":18.0}	10	None	{"DialogInputPayload":1099,"DialogOutputPayload":4900}
b31ef96c58334c9284e55a7a0c1de86a	2018-11-07T23:49:24Z	2018-11-07T23:54:10Z	286.7313	5852000100022267030055880400ddd2	msa:383712dc9a59c397	Query	this is a test	Oh no. A pop quiz.		0	side_speech	side_speech_highconf	0.9688869	Spoken	WP_8.1	16.0-2789	Portable	{"DialogAsyncAudio":31.0,"DialogCore":174.0,"DialogTriggers":0.0,"DialogTTS":5318.0,"E2EDialog":270.0,"E2EClient":319.0,"ClientGenerateRequestToken":86.0,"LUCall":10.0,"SessionFetch":1.0,"ClientStartAudioReadThread":16.0,"ClientStartSpeechReco":0.0,"StreamingAudioFetch":5789.0,"UserProfileRetrieve":0.0,"AverageCacheRead":36.0,"HtmlCacheRead":0.0,"StreamingAudioCacheRead":5631.0,"SumPlugins":33.0}	75	None	{"ClientRequest":1067,"ClientResponse":2762,"StreamingAudioResponse":9196,"DialogInputPayload":1036,"LURequest":373,"LUResponse":232,"DialogOutputPayload":2762}
b5f623ca0ecc45878f41f56292124142	2018-11-07T23:49:56Z	2018-11-07T23:49:57Z	0.4569653			Unknown			The DE service reports a different protocol version (18) than expected (16). Queries will probably not work	1			0	Unknown			Unknown	{"E2EClient":207.0,"ClientGenerateRequestToken":96.0,"AverageCacheRead":0.0,"HtmlCacheRead":0.0,"StreamingAudioCacheRead":0.0,"SumPlugins":0.0}	8	None	{}
b9c6388cd2a84c4e87c69a43777bda54	2018-11-08T00:56:26Z	2018-11-08T00:56:26Z	0.1595512			Unknown				0			0	Unknown			Unknown	{"E2EClient":129.0,"ClientGenerateRequestToken":27.0,"AverageCacheRead":0.0,"HtmlCacheRead":0.0,"StreamingAudioCacheRead":0.0,"SumPlugins":0.0}	2	None	{}
bddd362a276f49a49ad37119d19db1c8	2018-11-08T00:56:49Z	2018-11-08T00:56:49Z	0.0901898	44ea00010002d27b030064b404005ef2	msa:383712dc9a59c397	DirectAction		Hello, I am Durandal. What can I help you with?		0	reflection	greet	1	Programmatic	WP_8.1	18.0-2864	Portable	{"DialogCore":78.0,"DialogTriggers":23.0,"E2EDialog":89.0,"UserProfileRetrieve":1.0,"AverageCacheRead":40.0,"HtmlCacheRead":0.0,"StreamingAudioCacheRead":0.0,"SumPlugins":17.0}	10	None	{"DialogInputPayload":444,"DialogOutputPayload":3862}
c4494f0210234d08b51fed6b7a3a9074	2018-11-08T00:55:18Z	2018-11-08T00:55:49Z	31.29432	44ea00010002d27b030064b404005ef2	msa:383712dc9a59c397	DialogAction		I have 17 plugins installed		0	reflection	list_plugins	1	Programmatic	WP_8.1	18.0-2864	Portable	{"DialogAsyncAudio":0.0,"DialogCore":231.0,"DialogTriggers":2.0,"DialogTTS":2220.0,"E2EDialog":596.0,"E2EClient":899.0,"ClientGenerateRequestToken":32.0,"LUCall":8.0,"SessionFetch":1.0,"UserProfileRetrieve":1.0,"AverageCacheRead":747.671631,"HtmlCacheRead":0.0,"StreamingAudioCacheRead":0.0,"SumPlugins":100.0}	254	None	{"ClientRequest":543,"ClientResponse":8674,"DialogInputPayload":434,"DialogOutputPayload":8674,"ReadWebCache-0616f65d829642a3912697d786845e37":40076,"ReadWebCache-0e9ebfcb801445c5bf043cb10db9199e":32701,"ReadWebCache-27c5a99383874c4cb2701ae4716f592e":56870,"ReadWebCache-e3335050ee00491084c11461fc76e3e2":11957,"ReadWebCache-699b23aeaa704c4cb2cb658b443e267a":51845,"ReadWebCache-04af3b1cce0245188813596e3dbb9f8a":9578,"ReadWebCache-c1ed94a0e94b477bb418e8a0c77faca1":25560,"ReadWebCache-a2ea85d89a7240bba2acaef994b24fe6":25509,"ReadWebCache-6e7c38ae524e484388be7376383cbe3e":206349,"ReadWebCache-b6dc5546d86a40668b261acbe9288f95":35308,"ReadWebCache-0582be07e5a646eabfa41282950329d2":12629,"ReadWebCache-98c91da4bb48422d8ee218112523f0b7":4581,"SessionFetch":1349,"LURequest":285,"LUResponse":376}
c98a239bd1ff45c29db3d6fc31595fdf	2018-11-08T00:58:38Z	2018-11-08T00:58:39Z	1.127194	44ea00010002d27b030064b404005ef2	msa:383712dc9a59c397	Query	What is your favorite color	Blue.... no- AAAAUGGGGGGGGGHHHHHH		0	side_speech	yourcolor	0.99927	Typed	WP_8.1	18.0-2864	Portable	{"DialogCore":36.0,"DialogTriggers":2.0,"E2EDialog":288.0,"E2EClient":365.0,"ClientGenerateRequestToken":44.0,"LUCall":6.0,"SessionFetch":1.0,"UserProfileRetrieve":1.0,"AverageCacheRead":243.0,"HtmlCacheRead":0.0,"StreamingAudioCacheRead":0.0,"SumPlugins":2.0}	69	None	{"ClientRequest":573,"ClientResponse":2056,"DialogInputPayload":542,"SessionFetch":423,"LURequest":355,"LUResponse":510,"DialogOutputPayload":2056}
ca3e68b109ee4d6db176c9fc0c4d02cc	2018-11-07T23:54:54Z	2018-11-07T23:54:54Z	0.1145217	44ea00010002d27b030064b404005ef2	msa:383712dc9a59c397	DirectAction		Hello, I am Durandal. What can I help you with?		0	reflection	greet	1	Programmatic	WP_8.1	18.0-2864	Portable	{"DialogCore":106.0,"DialogTriggers":1.0,"E2EDialog":114.0,"UserProfileRetrieve":1.0,"AverageCacheRead":70.0,"HtmlCacheRead":0.0,"StreamingAudioCacheRead":0.0,"SumPlugins":22.0}	10	None	{"DialogInputPayload":444,"DialogOutputPayload":3881}
d1d2ec805f0d4971bca8007ae97d3327	2018-11-08T00:55:16Z	2018-11-08T00:55:16Z	0.2681286			Unknown				0			0	Unknown			Unknown	{"E2EClient":292.0,"ClientGenerateRequestToken":53.0,"AverageCacheRead":0.0,"HtmlCacheRead":0.0,"StreamingAudioCacheRead":0.0,"SumPlugins":0.0}	3	None	{}
d288484a82b54f9f94768be0d1bb7fec	2018-11-08T00:57:34Z	2018-11-08T00:57:34Z	0.0708734	44ea00010002d27b030064b404005ef2	msa:383712dc9a59c397	DirectAction		Hello, I am Durandal. What can I help you with?		0	reflection	greet	1	Programmatic	WP_8.1	18.0-2864	Portable	{"DialogCore":57.0,"DialogTriggers":21.0,"E2EDialog":71.0,"UserProfileRetrieve":1.0,"AverageCacheRead":33.0,"HtmlCacheRead":0.0,"StreamingAudioCacheRead":0.0,"SumPlugins":21.0}	10	None	{"DialogInputPayload":444,"DialogOutputPayload":3833}
d2d75b130a914baca77875c28a94eae1	2018-11-08T03:56:56Z	2018-11-08T04:05:06Z	489.5471	8a9b0001000270ab030034fd04004204	8a9b0001000270ab030034fd04004204	Query	hello	Hello!		0	side_speech	side_speech_highconf	0.9699369	Typed	WP_8.1	18.0-2864	Portable	{"DialogCore":85.0,"DialogTriggers":0.0,"E2EDialog":94.0,"E2EClient":192.0,"ClientGenerateRequestToken":0.0,"LUCall":4.0,"SessionFetch":1.0,"UserProfileRetrieve":0.0,"AverageCacheRead":38.0,"HtmlCacheRead":0.0,"StreamingAudioCacheRead":0.0,"SumPlugins":0.0}	50	None	{"ClientRequest":394,"ClientResponse":1803,"DialogInputPayload":363,"LURequest":350,"LUResponse":194,"DialogOutputPayload":1803}
d378f6187baf4e51a5747a7974c7e540	2018-11-07T23:48:42Z	2018-11-07T23:53:38Z	296.5667	5852000100022267030055880400ddd2	msa:383712dc9a59c397	Query			Websocket read error	8			0	Spoken	WP_8.1	16.0-2789	Portable	{"DialogCore":1.0,"DialogTriggers":0.0,"E2EDialog":2231.0,"E2EClient":2288.0,"ClientGenerateRequestToken":84.0,"SessionFetch":1.0,"ClientStartAudioReadThread":4.0,"ClientStartSpeechReco":0.0,"AverageCacheRead":31.0,"HtmlCacheRead":0.0,"StreamingAudioCacheRead":0.0,"SumPlugins":0.0}	25	None	{"ClientRequest":1496,"ClientResponse":495,"DialogInputPayload":1465,"DialogOutputPayload":495}
d3a281fc68424155b543047747cfa8cc	2018-11-08T00:58:30Z	2018-11-08T00:58:31Z	0.9747928	44ea00010002d27b030064b404005ef2	msa:383712dc9a59c397	Query	What is your quest	To seek the Holy Grail.		0	side_speech	yourquest	0.99918	Typed	WP_8.1	18.0-2864	Portable	{"DialogCore":70.0,"DialogTriggers":0.0,"E2EDialog":114.0,"E2EClient":219.0,"ClientGenerateRequestToken":38.0,"LUCall":4.0,"SessionFetch":1.0,"UserProfileRetrieve":1.0,"AverageCacheRead":36.0,"HtmlCacheRead":0.0,"StreamingAudioCacheRead":0.0,"SumPlugins":0.0}	54	None	{"ClientRequest":564,"ClientResponse":1871,"DialogInputPayload":533,"SessionFetch":267,"LURequest":346,"LUResponse":264,"DialogOutputPayload":1871}
d4405aecf897429ca2202cdd0219bcb7	2018-11-08T00:57:05Z	2018-11-08T00:57:05Z	0.1454377			Unknown				0			0	Unknown			Unknown	{"E2EClient":109.0,"ClientGenerateRequestToken":35.0,"AverageCacheRead":0.0,"HtmlCacheRead":0.0,"StreamingAudioCacheRead":0.0,"SumPlugins":0.0}	2	None	{}
d4e152d3a0514e10973c6c49ff4bf068	2018-11-07T23:50:01Z	2018-11-07T23:54:49Z	287.109	5852000100022267030055880400ddd2	msa:383712dc9a59c397	Query	how is the weather	Outside it is 46Â° F and Clear.		0	weather	get_weather	0.9716293	Spoken	WP_8.1	16.0-2789	Portable	{"DialogAsyncAudio":0.0,"DialogCore":819.0,"DialogTriggers":0.0,"DialogTTS":384.0,"E2EDialog":837.0,"E2EClient":892.0,"ClientGenerateRequestToken":83.0,"LUCall":7.0,"SessionFetch":1.0,"ClientStartAudioReadThread":4.0,"ClientStartSpeechReco":0.0,"StreamingAudioFetch":516.0,"UserProfileRetrieve":0.0,"AverageCacheRead":55.5,"HtmlCacheRead":0.0,"StreamingAudioCacheRead":378.0,"SumPlugins":722.0}	68	None	{"ClientRequest":1071,"ClientResponse":5448,"StreamingAudioResponse":10609,"DialogInputPayload":1040,"LURequest":381,"LUResponse":249,"DialogOutputPayload":5448}
d550d64dee314e4780415c75255e515c	2018-11-07T23:52:08Z	2018-11-07T23:52:14Z	6.853752			Unknown			Websocket write connection timed out	6			0	Unknown			Unknown	{"ClientStartAudioReadThread":10.0,"ClientStartSpeechReco":1.0,"AverageCacheRead":0.0,"HtmlCacheRead":0.0,"StreamingAudioCacheRead":0.0,"SumPlugins":0.0}	9	None	{}
d7adf66b68d74826bca4fcabd1794b9d	2018-11-07T23:52:36Z	2018-11-07T23:53:44Z	68.03488			Unknown				0			0	Unknown			Unknown	{"E2EClient":625.0,"ClientGenerateRequestToken":19.0,"AverageCacheRead":0.0,"HtmlCacheRead":0.0,"StreamingAudioCacheRead":0.0,"SumPlugins":0.0}	6	None	{}
d7de47939d354a76b26838837f89f15a	2018-11-08T04:04:10Z	2018-11-08T04:04:10Z	0.1047307	8a9b0001000270ab030034fd04004204	8a9b0001000270ab030034fd04004204	DirectAction		Hello, I am Durandal. What can I help you with?		0	reflection	greet	1	Programmatic	WP_8.1	18.0-2864	Portable	{"DialogCore":105.0,"DialogTriggers":26.0,"E2EDialog":105.0,"UserProfileRetrieve":25.0,"AverageCacheRead":59.0,"HtmlCacheRead":0.0,"StreamingAudioCacheRead":0.0,"SumPlugins":22.0}	9	None	{"DialogInputPayload":287,"DialogOutputPayload":3787}
d83826deb04743e7bb666055a0a12ee7	2018-11-07T23:49:56Z	2018-11-07T23:49:56Z	0			Unknown				0			0	Unknown			Unknown	{}	1	None	{}
d95a5d66b19c44b4b2630aa8127c1cbd	2018-11-08T00:57:00Z	2018-11-08T00:57:00Z	0.1709197			Unknown				0			0	Unknown			Unknown	{"E2EClient":201.0,"ClientGenerateRequestToken":51.0,"AverageCacheRead":0.0,"HtmlCacheRead":0.0,"StreamingAudioCacheRead":0.0,"SumPlugins":0.0}	3	None	{}
ded3de37df4e4386b102385dbd4ad43b	2018-11-07T23:54:18Z	2018-11-07T23:54:25Z	6.786831			Unknown			Websocket write connection timed out	6			0	Unknown			Unknown	{"ClientStartAudioReadThread":3.0,"ClientStartSpeechReco":0.0,"AverageCacheRead":0.0,"HtmlCacheRead":0.0,"StreamingAudioCacheRead":0.0,"SumPlugins":0.0}	9	None	{}
e34d11c3e1784186afef892b1ceca2de	2018-11-08T00:56:30Z	2018-11-08T00:56:31Z	0.9839699	44ea00010002d27b030064b404005ef2	msa:383712dc9a59c397	Query	Test	Apparently, it works.		0	side_speech	side_speech_highconf	0.9708726	Typed	WP_8.1	18.0-2864	Portable	{"DialogCore":49.0,"DialogTriggers":0.0,"E2EDialog":151.0,"E2EClient":215.0,"ClientGenerateRequestToken":38.0,"LUCall":4.0,"SessionFetch":1.0,"UserProfileRetrieve":1.0,"AverageCacheRead":95.0,"HtmlCacheRead":0.0,"StreamingAudioCacheRead":0.0,"SumPlugins":0.0}	52	None	{"ClientRequest":550,"ClientResponse":1829,"DialogInputPayload":519,"LURequest":332,"LUResponse":189,"DialogOutputPayload":1829}
e52e48d1c82a49fbaea847b48ee924ee	2018-11-07T23:53:52Z	2018-11-07T23:54:05Z	13.60317	44ea00010002d27b030064b404005ef2	msa:383712dc9a59c397	Query			Websocket read error	8			0	Spoken	WP_8.1	18.0-2864	Portable	{"DialogCore":1.0,"DialogTriggers":0.0,"E2EDialog":2429.0,"E2EClient":2476.0,"ClientGenerateRequestToken":22.0,"SessionFetch":1.0,"ClientStartAudioReadThread":3.0,"ClientStartSpeechReco":1.0,"AverageCacheRead":35.0,"HtmlCacheRead":0.0,"StreamingAudioCacheRead":0.0,"SumPlugins":0.0}	24	None	{"DialogInputPayload":869,"ClientRequest":900,"ClientResponse":87,"DialogOutputPayload":87}
eae3d6370cbc4bd88530de559e1f0db6	2018-11-08T03:55:15Z	2018-11-08T03:55:56Z	40.94976			Unknown				0			0	Unknown			Unknown	{"E2EClient":164.0,"ClientGenerateRequestToken":203.0,"AverageCacheRead":0.0,"HtmlCacheRead":0.0,"StreamingAudioCacheRead":0.0,"SumPlugins":0.0}	8	None	{}
edc71017f4804e4b8cea8c25ef18ff42	2018-10-13T01:29:22Z	2018-11-08T03:06:52Z	2252250			Unknown			Non-success response while refreshing SR token	712			0	Unknown			Unknown	{}	736	None	{}
ef581b33d9014cdd8938e96b0b483d80	2018-11-07T23:54:59Z	2018-11-07T23:54:59Z	0.1177856			Unknown				0			0	Unknown			Unknown	{"E2EClient":93.0,"ClientGenerateRequestToken":23.0,"AverageCacheRead":0.0,"HtmlCacheRead":0.0,"StreamingAudioCacheRead":0.0,"SumPlugins":0.0}	2	None	{}
f7802de0b9ec46468cda9e75c563eb21	2018-11-08T00:54:33Z	2018-11-08T00:54:33Z	0.1783154	44ea00010002d27b030064b404005ef2	msa:383712dc9a59c397	DirectAction		Hello, I am Durandal. What can I help you with?		0	reflection	greet	1	Programmatic	WP_8.1	18.0-2864	Portable	{"DialogCore":161.0,"DialogTriggers":74.0,"E2EDialog":177.0,"UserProfileRetrieve":1.0,"AverageCacheRead":88.5,"HtmlCacheRead":0.0,"StreamingAudioCacheRead":0.0,"SumPlugins":20.0}	10	None	{"DialogInputPayload":444,"DialogOutputPayload":3958}
fb9fbd13efc04833950efd3b50958411	2018-11-07T23:36:23Z	2018-11-07T23:51:57Z	934.2507			Unknown			The DE service reports a different protocol version (17) than expected (18). Queries will probably not work	4			0	Unknown			Unknown	{"E2EClient":1948.0,"ClientGenerateRequestToken":96.0,"AverageCacheRead":0.0,"HtmlCacheRead":0.0,"StreamingAudioCacheRead":0.0,"SumPlugins":0.0}	17	None	{}
ffbc8579328247b3b423b128308162e2	2018-11-07T23:54:40Z	2018-11-07T23:54:40Z	0.1417825	5852000100022267030055880400ddd2	msa:383712dc9a59c397	DirectAction		Hello, I am Durandal. What can I help you with?		0	reflection	greet	1	Programmatic	WP_8.1	16.0-2789	Portable	{"DialogCore":135.0,"DialogTriggers":25.0,"E2EDialog":143.0,"UserProfileRetrieve":1.0,"AverageCacheRead":77.5,"HtmlCacheRead":0.0,"StreamingAudioCacheRead":0.0,"SumPlugins":19.0}	10	None	{"DialogInputPayload":1099,"DialogOutputPayload":4879}
